--
-- PostgreSQL database dump
--

-- Dumped from database version 15.12 (Debian 15.12-1.pgdg120+1)
-- Dumped by pg_dump version 15.12 (Debian 15.12-1.pgdg120+1)

SET statement_timeout = 0;
SET lock_timeout = 0;
SET idle_in_transaction_session_timeout = 0;
SET client_encoding = 'UTF8';
SET standard_conforming_strings = on;
SELECT pg_catalog.set_config('search_path', '', false);
SET check_function_bodies = false;
SET xmloption = content;
SET client_min_messages = warning;
SET row_security = off;

SET default_tablespace = '';

SET default_table_access_method = heap;

--
-- Name: aluno; Type: TABLE; Schema: public; Owner: postgres
--

CREATE TABLE public.aluno (
    idaluno bigint NOT NULL,
    cpfaluno character varying(255),
    emailaluno character varying(255),
    nomealuno character varying(255)
);


ALTER TABLE public.aluno OWNER TO postgres;

--
-- Name: aluno_idaluno_seq; Type: SEQUENCE; Schema: public; Owner: postgres
--

ALTER TABLE public.aluno ALTER COLUMN idaluno ADD GENERATED BY DEFAULT AS IDENTITY (
    SEQUENCE NAME public.aluno_idaluno_seq
    START WITH 1
    INCREMENT BY 1
    NO MINVALUE
    NO MAXVALUE
    CACHE 1
);


--
-- Name: disciplina; Type: TABLE; Schema: public; Owner: postgres
--

CREATE TABLE public.disciplina (
    iddisciplina bigint NOT NULL,
    cargahoraria integer,
    nomedisciplina character varying(255),
    professor_id bigint
);


ALTER TABLE public.disciplina OWNER TO postgres;

--
-- Name: disciplina_iddisciplina_seq; Type: SEQUENCE; Schema: public; Owner: postgres
--

ALTER TABLE public.disciplina ALTER COLUMN iddisciplina ADD GENERATED BY DEFAULT AS IDENTITY (
    SEQUENCE NAME public.disciplina_iddisciplina_seq
    START WITH 1
    INCREMENT BY 1
    NO MINVALUE
    NO MAXVALUE
    CACHE 1
);


--
-- Name: matricula_aluno; Type: TABLE; Schema: public; Owner: postgres
--

CREATE TABLE public.matricula_aluno (
    idmatricula bigint NOT NULL,
    nota1 double precision,
    nota2 double precision,
    status character varying(255),
    aluno_id bigint,
    disciplina_id bigint,
    CONSTRAINT matricula_aluno_status_check CHECK (((status)::text = ANY ((ARRAY['MATRICULADO'::character varying, 'APROVADO'::character varying, 'REPROVADO'::character varying, 'TRANCADO'::character varying])::text[])))
);


ALTER TABLE public.matricula_aluno OWNER TO postgres;

--
-- Name: matricula_aluno_idmatricula_seq; Type: SEQUENCE; Schema: public; Owner: postgres
--

ALTER TABLE public.matricula_aluno ALTER COLUMN idmatricula ADD GENERATED BY DEFAULT AS IDENTITY (
    SEQUENCE NAME public.matricula_aluno_idmatricula_seq
    START WITH 1
    INCREMENT BY 1
    NO MINVALUE
    NO MAXVALUE
    CACHE 1
);


--
-- Name: professor; Type: TABLE; Schema: public; Owner: postgres
--

CREATE TABLE public.professor (
    idprofessor bigint NOT NULL,
    cpfprofessor character varying(255),
    emailprofessor character varying(255),
    nomeprofessor character varying(255)
);


ALTER TABLE public.professor OWNER TO postgres;

--
-- Name: professor_idprofessor_seq; Type: SEQUENCE; Schema: public; Owner: postgres
--

ALTER TABLE public.professor ALTER COLUMN idprofessor ADD GENERATED BY DEFAULT AS IDENTITY (
    SEQUENCE NAME public.professor_idprofessor_seq
    START WITH 1
    INCREMENT BY 1
    NO MINVALUE
    NO MAXVALUE
    CACHE 1
);


--
-- Data for Name: aluno; Type: TABLE DATA; Schema: public; Owner: postgres
--

COPY public.aluno (idaluno, cpfaluno, emailaluno, nomealuno) FROM stdin;
1	411.092.543-31	Sadie_Wyman-Runolfsdottir@hotmail.com	Robyn Rogahn
2	400.333.333-333	Elinore_Buckridge-Hane65@hotmail.com	Cary Schowalter
3	000.000.000-001	Raphaelle_Maggio@yahoo.com	Chester Kub
4	000.000.000-002	Theresa1@yahoo.com	Darrin Luettgen
5	000.000.000-003	Ted.Bogisich72@hotmail.com	Monica Spinka
8	000.000.000-009	teste@gmail.com	testeatualizado
\.


--
-- Data for Name: disciplina; Type: TABLE DATA; Schema: public; Owner: postgres
--

COPY public.disciplina (iddisciplina, cargahoraria, nomedisciplina, professor_id) FROM stdin;
1	60	DevOps e Integração Contínua	1
2	60	SQL e Modelagem de Dados	3
5	60	Desenvolvimento Web Front-End	1
6	65	Ciências de Dados II	\N
4	65	Desenvolvimento Web Back-End 	3
\.


--
-- Data for Name: matricula_aluno; Type: TABLE DATA; Schema: public; Owner: postgres
--

COPY public.matricula_aluno (idmatricula, nota1, nota2, status, aluno_id, disciplina_id) FROM stdin;
2	\N	\N	TRANCADO	1	4
5	\N	\N	TRANCADO	4	4
4	\N	\N	TRANCADO	1	2
6	\N	\N	TRANCADO	4	5
3	7	8.5	APROVADO	1	1
1	7	4.5	REPROVADO	1	5
7	\N	\N	MATRICULADO	5	5
8	7	9.5	APROVADO	5	6
10	\N	\N	TRANCADO	5	2
13	\N	\N	MATRICULADO	2	4
14	10	9.5	APROVADO	2	5
12	\N	\N	TRANCADO	2	1
9	\N	\N	TRANCADO	5	1
16	10	9.5	APROVADO	8	4
11	\N	\N	TRANCADO	2	2
\.


--
-- Data for Name: professor; Type: TABLE DATA; Schema: public; Owner: postgres
--

COPY public.professor (idprofessor, cpfprofessor, emailprofessor, nomeprofessor) FROM stdin;
1	778.899.900-91	Jed21@yahoo.com	Stella Crist
3	000.000.000-02	Price78@hotmail.com	Oscar Brown
4	000.000.000-03	Raquel20@yahoo.com	Boyd Stanton
5	000.000.000-90	Kelsonprofiesp@gmail.com	Kelson
\.


--
-- Name: aluno_idaluno_seq; Type: SEQUENCE SET; Schema: public; Owner: postgres
--

SELECT pg_catalog.setval('public.aluno_idaluno_seq', 8, true);


--
-- Name: disciplina_iddisciplina_seq; Type: SEQUENCE SET; Schema: public; Owner: postgres
--

SELECT pg_catalog.setval('public.disciplina_iddisciplina_seq', 7, true);


--
-- Name: matricula_aluno_idmatricula_seq; Type: SEQUENCE SET; Schema: public; Owner: postgres
--

SELECT pg_catalog.setval('public.matricula_aluno_idmatricula_seq', 16, true);


--
-- Name: professor_idprofessor_seq; Type: SEQUENCE SET; Schema: public; Owner: postgres
--

SELECT pg_catalog.setval('public.professor_idprofessor_seq', 5, true);


--
-- Name: aluno aluno_pkey; Type: CONSTRAINT; Schema: public; Owner: postgres
--

ALTER TABLE ONLY public.aluno
    ADD CONSTRAINT aluno_pkey PRIMARY KEY (idaluno);


--
-- Name: disciplina disciplina_pkey; Type: CONSTRAINT; Schema: public; Owner: postgres
--

ALTER TABLE ONLY public.disciplina
    ADD CONSTRAINT disciplina_pkey PRIMARY KEY (iddisciplina);


--
-- Name: matricula_aluno matricula_aluno_pkey; Type: CONSTRAINT; Schema: public; Owner: postgres
--

ALTER TABLE ONLY public.matricula_aluno
    ADD CONSTRAINT matricula_aluno_pkey PRIMARY KEY (idmatricula);


--
-- Name: professor professor_pkey; Type: CONSTRAINT; Schema: public; Owner: postgres
--

ALTER TABLE ONLY public.professor
    ADD CONSTRAINT professor_pkey PRIMARY KEY (idprofessor);


--
-- Name: matricula_aluno fk4mtt3iew11xcs5i7tshj7la9q; Type: FK CONSTRAINT; Schema: public; Owner: postgres
--

ALTER TABLE ONLY public.matricula_aluno
    ADD CONSTRAINT fk4mtt3iew11xcs5i7tshj7la9q FOREIGN KEY (disciplina_id) REFERENCES public.disciplina(iddisciplina);


--
-- Name: matricula_aluno fkn1iea49e3kxfecd5e27i7lvak; Type: FK CONSTRAINT; Schema: public; Owner: postgres
--

ALTER TABLE ONLY public.matricula_aluno
    ADD CONSTRAINT fkn1iea49e3kxfecd5e27i7lvak FOREIGN KEY (aluno_id) REFERENCES public.aluno(idaluno);


--
-- Name: disciplina fkoqie7f1kx32b1atco9fpgxd7g; Type: FK CONSTRAINT; Schema: public; Owner: postgres
--

ALTER TABLE ONLY public.disciplina
    ADD CONSTRAINT fkoqie7f1kx32b1atco9fpgxd7g FOREIGN KEY (professor_id) REFERENCES public.professor(idprofessor);


--
-- PostgreSQL database dump complete
--

